id,OwnerId,WhatId,Check_Out_Date__c,Check_Out_Distance_From_Record_mi__c,Time_on_Site_Minutes_Acc__c,Status,Priority,Subject,Meeting_Quality__c
1,Vince West,Name,8/28/2022,89,69,Completed,,Check In,5
2,Kortney Cervantes,"Permadyne GmbH, LTD",7/30/2022,87,60,Completed,,Check In,1
3,Kortney Cervantes,Silodyne Company,8/16/2022,21,61,Completed,,Check In,1
4,Zack Kirby,Silodyne Company,12/24/2022,5,43,Completed,,Check In,3
5,Kortney Cervantes,"Wellspring, Inc.",7/30/2022,53,44,Completed,,Check In,2
6,Kortney Cervantes,"Accusage, Inc.",5/2/2023,41,32,Completed,,Check In,4
7,Kortney Cervantes,Name,6/19/2022,29,32,Completed,,Check In,1
8,Kortney Cervantes,Name,8/6/2022,20,53,Completed,,Check In,1
9,Kortney Cervantes,"Permadyne GmbH, LTD",5/4/2023,91,64,Completed,,Check In,4
10,Kortney Cervantes,"Plasmosis, Inc.",5/2/2023,56,58,Completed,,Check In,2
11,Kortney Cervantes,Opportunity Resources Inc,6/3/2022,33,33,Completed,,Check In,3
12,Zack Kirby,Optos Inc.,8/24/2022,76,55,Completed,,Check In,4
13,Vince West,Optos Inc.,6/13/2022,55,23,Completed,,Check In,5
14,Vince West,"Permadyne GmbH, LTD",10/21/2022,51,69,Completed,,Check In,1
15,Vince West,"Accusage, Inc.",8/16/2022,65,52,Completed,,Check In,2
16,Zack Kirby,"Biospan, LLC.",12/3/2022,77,57,Completed,,Check In,4
17,Vince West,"Wellspring, Inc.",11/27/2022,12,62,Completed,,Check In,1
18,Kortney Cervantes,Name,1/4/2023,61,20,Completed,,Check In,4
19,Kortney Cervantes,XPower,6/6/2022,71,32,Completed,,Check In,4
20,Vince West,"Plasmosis, Inc.",11/4/2022,91,21,Completed,,Check In,2
21,Kortney Cervantes,"Accusage, Inc.",12/27/2022,27,18,Completed,,Check In,1
22,Zack Kirby,Name,4/13/2023,32,47,Completed,,Check In,4
23,Vince West,"Wellspring, Inc.",10/12/2022,58,19,Completed,,Check In,2
24,Zack Kirby,"Plasmosis, Inc.",11/25/2022,57,53,Completed,,Check In,1
25,Kortney Cervantes,Optos Inc.,6/14/2022,100,26,Completed,,Check In,2
26,Vince West,"Plasmosis, Inc.",4/11/2023,65,23,Completed,,Check In,3
27,Zack Kirby,"Biospan, LLC.",11/6/2022,100,50,Completed,,Check In,1
28,Vince West,"Accusage, Inc.",10/15/2022,35,70,Completed,,Check In,4
29,Vince West,Name,8/21/2022,97,34,Completed,,Check In,2
30,Vince West,"Plasmosis, Inc.",12/9/2022,91,32,Completed,,Check In,3
31,Vince West,"Plasmosis, Inc.",9/19/2022,87,65,Completed,,Check In,3
32,Kortney Cervantes,Name,11/21/2022,65,43,Completed,,Check In,5
33,Zack Kirby,Silodyne Company,1/31/2023,38,48,Completed,,Check In,4
34,Kortney Cervantes,"Wellspring, Inc.",6/8/2022,67,23,Completed,,Check In,1
35,Zack Kirby,XPower,4/19/2023,7,55,Completed,,Check In,2
36,Zack Kirby,"Permadyne GmbH, LTD",8/6/2022,100,15,Completed,,Check In,1
37,Kortney Cervantes,"Accusage, Inc.",2/15/2023,38,34,Completed,,Check In,5
38,Zack Kirby,"Plasmosis, Inc.",8/12/2022,99,21,Completed,,Check In,5
39,Kortney Cervantes,"Permadyne GmbH, LTD",4/5/2023,96,17,Completed,,Check In,2
40,Kortney Cervantes,Silodyne Company,12/13/2022,17,45,Completed,,Check In,3
41,Zack Kirby,Name,10/18/2022,47,35,Completed,,Check In,1
42,Zack Kirby,"Accusage, Inc.",12/8/2022,68,39,Completed,,Check In,1
43,Kortney Cervantes,Opportunity Resources Inc,4/26/2023,10,35,Completed,,Check In,3
44,Zack Kirby,Opportunity Resources Inc,1/3/2023,28,59,Completed,,Check In,4
45,Zack Kirby,Opportunity Resources Inc,7/3/2022,84,15,Completed,,Check In,5
46,Zack Kirby,"Plasmosis, Inc.",10/13/2022,62,21,Completed,,Check In,5
47,Kortney Cervantes,Optos Inc.,7/11/2022,35,26,Completed,,Check In,3
48,Zack Kirby,Optos Inc.,2/3/2023,96,53,Completed,,Check In,1
49,Kortney Cervantes,Optos Inc.,8/7/2022,71,24,Completed,,Check In,4
50,Kortney Cervantes,Opportunity Resources Inc,8/22/2022,87,18,Completed,,Check In,5
51,Vince West,"Biospan, LLC.",11/10/2022,26,32,Completed,,Check In,3
52,Vince West,Silodyne Company,4/15/2023,6,15,Completed,,Check In,2
53,Kortney Cervantes,"Accusage, Inc.",9/11/2022,82,69,Completed,,Check In,4
54,Vince West,"Plasmosis, Inc.",12/30/2022,86,50,Completed,,Check In,4
55,Vince West,Name,8/15/2022,49,66,Completed,,Check In,4
56,Vince West,"Wellspring, Inc.",3/10/2023,41,68,Completed,,Check In,1
57,Vince West,Optos Inc.,3/3/2023,25,52,Completed,,Check In,5
58,Vince West,Optos Inc.,5/9/2023,12,52,Completed,,Check In,3
59,Zack Kirby,"Permadyne GmbH, LTD",7/16/2022,100,31,Completed,,Check In,4
60,Kortney Cervantes,"Accusage, Inc.",5/21/2023,60,60,Completed,,Check In,3
61,Vince West,"Accusage, Inc.",8/7/2022,50,28,Completed,,Check In,4
62,Vince West,Optos Inc.,5/20/2023,51,55,Completed,,Check In,5
63,Zack Kirby,Optos Inc.,9/21/2022,64,52,Completed,,Check In,4
64,Zack Kirby,"Permadyne GmbH, LTD",11/7/2022,40,54,Completed,,Check In,3
65,Zack Kirby,Opportunity Resources Inc,4/22/2023,7,57,Completed,,Check In,4
66,Kortney Cervantes,"Wellspring, Inc.",9/13/2022,33,67,Completed,,Check In,5
67,Kortney Cervantes,"Wellspring, Inc.",12/24/2022,49,67,Completed,,Check In,4
68,Vince West,Name,10/11/2022,7,31,Completed,,Check In,5
69,Vince West,Name,2/4/2023,70,65,Completed,,Check In,4
70,Kortney Cervantes,"Wellspring, Inc.",1/18/2023,49,19,Completed,,Check In,3
71,Zack Kirby,XPower,7/27/2022,82,54,Completed,,Check In,3
72,Vince West,Silodyne Company,10/18/2022,35,28,Completed,,Check In,2
73,Zack Kirby,Opportunity Resources Inc,10/13/2022,80,25,Completed,,Check In,3
74,Zack Kirby,"Wellspring, Inc.",6/27/2022,40,31,Completed,,Check In,2
75,Vince West,XPower,3/27/2023,67,57,Completed,,Check In,4
76,Vince West,"Wellspring, Inc.",3/28/2023,93,64,Completed,,Check In,4
77,Kortney Cervantes,"Biospan, LLC.",1/14/2023,46,37,Completed,,Check In,4
78,Vince West,"Wellspring, Inc.",2/19/2023,82,65,Completed,,Check In,3
79,Kortney Cervantes,"Plasmosis, Inc.",3/11/2023,47,38,Completed,,Check In,3
80,Zack Kirby,"Wellspring, Inc.",5/1/2023,52,34,Completed,,Check In,2
81,Kortney Cervantes,"Biospan, LLC.",10/17/2022,11,47,Completed,,Check In,1
82,Kortney Cervantes,Name,3/28/2023,83,37,Completed,,Check In,3
83,Kortney Cervantes,XPower,9/11/2022,20,60,Completed,,Check In,3
84,Vince West,Opportunity Resources Inc,10/18/2022,64,28,Completed,,Check In,2
85,Kortney Cervantes,Optos Inc.,12/1/2022,56,27,Completed,,Check In,2
86,Vince West,Opportunity Resources Inc,12/12/2022,18,36,Completed,,Check In,2
87,Zack Kirby,XPower,11/26/2022,1,43,Completed,,Check In,3
88,Kortney Cervantes,"Accusage, Inc.",1/5/2023,8,54,Completed,,Check In,4
89,Kortney Cervantes,"Permadyne GmbH, LTD",11/15/2022,26,61,Completed,,Check In,1
90,Vince West,Optos Inc.,4/27/2023,23,38,Completed,,Check In,5
91,Vince West,XPower,2/2/2023,8,68,Completed,,Check In,1
92,Kortney Cervantes,"Biospan, LLC.",10/23/2022,39,41,Completed,,Check In,3
93,Zack Kirby,"Accusage, Inc.",5/19/2023,23,69,Completed,,Check In,1
94,Zack Kirby,Silodyne Company,6/9/2022,4,67,Completed,,Check In,5
95,Zack Kirby,"Permadyne GmbH, LTD",5/2/2023,55,46,Completed,,Check In,3
96,Zack Kirby,"Accusage, Inc.",1/19/2023,95,30,Completed,,Check In,3
97,Vince West,"Accusage, Inc.",1/6/2023,48,24,Completed,,Check In,5
98,Kortney Cervantes,Silodyne Company,11/27/2022,74,34,Completed,,Check In,1
99,Kortney Cervantes,Opportunity Resources Inc,2/16/2023,23,59,Completed,,Check In,1
100,Kortney Cervantes,Opportunity Resources Inc,11/20/2022,62,56,Completed,,Check In,2
101,Kortney Cervantes,Optos Inc.,6/6/2022,65,26,Completed,,Check In,5
102,Kortney Cervantes,"Accusage, Inc.",2/22/2023,88,36,Completed,,Check In,5
103,Zack Kirby,XPower,1/23/2023,37,47,Completed,,Check In,4
104,Kortney Cervantes,"Plasmosis, Inc.",8/1/2022,72,15,Completed,,Check In,3
105,Zack Kirby,"Permadyne GmbH, LTD",9/17/2022,48,20,Completed,,Check In,3
106,Kortney Cervantes,Name,4/15/2023,70,70,Completed,,Check In,3
107,Vince West,Optos Inc.,9/9/2022,28,47,Completed,,Check In,4
108,Vince West,"Plasmosis, Inc.",11/27/2022,80,58,Completed,,Check In,1
109,Vince West,Silodyne Company,12/31/2022,40,38,Completed,,Check In,5
110,Vince West,"Biospan, LLC.",5/13/2023,92,19,Completed,,Check In,4
111,Kortney Cervantes,"Biospan, LLC.",10/7/2022,36,27,Completed,,Check In,5
112,Vince West,"Accusage, Inc.",10/17/2022,87,38,Completed,,Check In,5
113,Zack Kirby,"Accusage, Inc.",8/15/2022,17,41,Completed,,Check In,2
114,Kortney Cervantes,"Wellspring, Inc.",8/21/2022,1,31,Completed,,Check In,4
115,Vince West,"Permadyne GmbH, LTD",8/16/2022,41,15,Completed,,Check In,2
116,Vince West,"Plasmosis, Inc.",2/8/2023,58,18,Completed,,Check In,3
117,Vince West,"Wellspring, Inc.",11/11/2022,39,66,Completed,,Check In,1
118,Kortney Cervantes,Opportunity Resources Inc,9/30/2022,34,59,Completed,,Check In,3
119,Zack Kirby,"Biospan, LLC.",2/15/2023,26,65,Completed,,Check In,5
120,Zack Kirby,"Wellspring, Inc.",2/2/2023,97,39,Completed,,Check In,4
121,Vince West,Opportunity Resources Inc,11/15/2022,82,44,Completed,,Check In,5
122,Zack Kirby,Name,12/29/2022,77,32,Completed,,Check In,4
123,Kortney Cervantes,"Wellspring, Inc.",1/15/2023,79,35,Completed,,Check In,4
124,Kortney Cervantes,Optos Inc.,7/13/2022,52,35,Completed,,Check In,2
125,Zack Kirby,"Biospan, LLC.",12/2/2022,64,42,Completed,,Check In,3
126,Vince West,"Permadyne GmbH, LTD",3/6/2023,89,27,Completed,,Check In,5
127,Zack Kirby,"Plasmosis, Inc.",4/12/2023,83,48,Completed,,Check In,1
128,Zack Kirby,Optos Inc.,11/8/2022,1,57,Completed,,Check In,1
129,Kortney Cervantes,Silodyne Company,6/23/2022,44,32,Completed,,Check In,4
130,Vince West,Optos Inc.,11/25/2022,95,49,Completed,,Check In,3
131,Kortney Cervantes,"Accusage, Inc.",1/9/2023,43,54,Completed,,Check In,3
132,Vince West,Optos Inc.,11/9/2022,68,24,Completed,,Check In,2
133,Zack Kirby,Silodyne Company,5/24/2023,76,32,Completed,,Check In,5
134,Vince West,Optos Inc.,6/25/2022,85,51,Completed,,Check In,1
135,Kortney Cervantes,"Plasmosis, Inc.",1/27/2023,51,62,Completed,,Check In,4
136,Kortney Cervantes,Opportunity Resources Inc,12/30/2022,67,37,Completed,,Check In,5
137,Vince West,"Accusage, Inc.",12/17/2022,53,37,Completed,,Check In,1
138,Kortney Cervantes,Optos Inc.,2/20/2023,66,57,Completed,,Check In,2
139,Kortney Cervantes,"Permadyne GmbH, LTD",3/6/2023,88,22,Completed,,Check In,5
140,Zack Kirby,XPower,8/19/2022,99,21,Completed,,Check In,1
141,Vince West,Name,11/25/2022,95,24,Completed,,Check In,1
142,Zack Kirby,Name,11/18/2022,73,60,Completed,,Check In,1
143,Zack Kirby,"Biospan, LLC.",3/7/2023,69,43,Completed,,Check In,5
144,Vince West,"Plasmosis, Inc.",7/11/2022,90,61,Completed,,Check In,4
145,Kortney Cervantes,Silodyne Company,9/15/2022,20,40,Completed,,Check In,4
146,Vince West,Name,7/16/2022,4,47,Completed,,Check In,1
147,Zack Kirby,Optos Inc.,12/22/2022,49,24,Completed,,Check In,1
148,Vince West,"Wellspring, Inc.",4/15/2023,42,41,Completed,,Check In,4
149,Zack Kirby,"Biospan, LLC.",5/6/2023,40,26,Completed,,Check In,1
150,Zack Kirby,XPower,5/12/2023,76,51,Completed,,Check In,1
151,Kortney Cervantes,"Biospan, LLC.",3/18/2023,8,25,Completed,,Check In,5
152,Zack Kirby,"Plasmosis, Inc.",11/12/2022,29,36,Completed,,Check In,4
153,Vince West,"Permadyne GmbH, LTD",8/31/2022,7,67,Completed,,Check In,1
154,Vince West,Name,8/30/2022,84,59,Completed,,Check In,4
155,Kortney Cervantes,"Plasmosis, Inc.",2/10/2023,68,44,Completed,,Check In,4
156,Zack Kirby,"Accusage, Inc.",7/19/2022,22,64,Completed,,Check In,5
157,Zack Kirby,Opportunity Resources Inc,11/28/2022,31,53,Completed,,Check In,2
158,Vince West,"Plasmosis, Inc.",1/10/2023,56,42,Completed,,Check In,2
159,Zack Kirby,"Biospan, LLC.",5/10/2023,91,41,Completed,,Check In,4
160,Kortney Cervantes,Name,8/8/2022,12,32,Completed,,Check In,4
161,Kortney Cervantes,"Biospan, LLC.",7/21/2022,79,65,Completed,,Check In,4
162,Vince West,Optos Inc.,7/16/2022,61,50,Completed,,Check In,3
163,Zack Kirby,"Wellspring, Inc.",12/15/2022,100,30,Completed,,Check In,3
164,Zack Kirby,Opportunity Resources Inc,4/14/2023,72,39,Completed,,Check In,2
165,Vince West,XPower,7/12/2022,89,58,Completed,,Check In,3
166,Zack Kirby,"Permadyne GmbH, LTD",8/17/2022,24,26,Completed,,Check In,4
167,Kortney Cervantes,"Accusage, Inc.",1/15/2023,2,20,Completed,,Check In,4
168,Zack Kirby,"Plasmosis, Inc.",1/4/2023,92,46,Completed,,Check In,1
169,Vince West,"Permadyne GmbH, LTD",8/24/2022,2,62,Completed,,Check In,2
170,Vince West,Silodyne Company,4/24/2023,62,58,Completed,,Check In,3
171,Zack Kirby,"Biospan, LLC.",8/30/2022,47,68,Completed,,Check In,1
172,Vince West,"Plasmosis, Inc.",7/6/2022,65,52,Completed,,Check In,1
173,Kortney Cervantes,"Permadyne GmbH, LTD",12/20/2022,99,43,Completed,,Check In,2
174,Zack Kirby,Name,7/23/2022,15,45,Completed,,Check In,3
175,Zack Kirby,Opportunity Resources Inc,12/31/2022,5,56,Completed,,Check In,5
176,Kortney Cervantes,XPower,9/17/2022,20,32,Completed,,Check In,2
177,Zack Kirby,XPower,6/12/2022,71,39,Completed,,Check In,5
178,Zack Kirby,Name,9/13/2022,62,26,Completed,,Check In,1
179,Vince West,"Wellspring, Inc.",8/4/2022,21,52,Completed,,Check In,5
180,Vince West,Optos Inc.,4/23/2023,67,59,Completed,,Check In,1
181,Zack Kirby,"Biospan, LLC.",5/4/2023,96,68,Completed,,Check In,3
182,Kortney Cervantes,"Accusage, Inc.",6/6/2022,68,26,Completed,,Check In,3
183,Kortney Cervantes,"Wellspring, Inc.",10/3/2022,40,41,Completed,,Check In,2
184,Kortney Cervantes,"Permadyne GmbH, LTD",7/8/2022,79,47,Completed,,Check In,3
185,Kortney Cervantes,Name,11/15/2022,7,58,Completed,,Check In,2
186,Vince West,Opportunity Resources Inc,5/8/2023,26,37,Completed,,Check In,1
187,Kortney Cervantes,XPower,3/4/2023,29,16,Completed,,Check In,3
188,Kortney Cervantes,Silodyne Company,10/3/2022,85,26,Completed,,Check In,1
189,Kortney Cervantes,XPower,11/4/2022,82,41,Completed,,Check In,2
190,Vince West,"Permadyne GmbH, LTD",10/7/2022,26,50,Completed,,Check In,3
191,Vince West,Opportunity Resources Inc,6/13/2022,62,70,Completed,,Check In,2
192,Zack Kirby,Optos Inc.,9/14/2022,79,26,Completed,,Check In,5
193,Zack Kirby,"Accusage, Inc.",11/19/2022,19,66,Completed,,Check In,5
194,Zack Kirby,"Accusage, Inc.",12/1/2022,21,59,Completed,,Check In,4
195,Zack Kirby,Optos Inc.,1/29/2023,10,23,Completed,,Check In,2
196,Kortney Cervantes,XPower,3/22/2023,75,44,Completed,,Check In,1
197,Zack Kirby,"Wellspring, Inc.",4/21/2023,5,26,Completed,,Check In,1
198,Vince West,"Plasmosis, Inc.",5/26/2023,44,39,Completed,,Check In,2
199,Zack Kirby,"Plasmosis, Inc.",7/20/2022,97,21,Completed,,Check In,4
200,Kortney Cervantes,"Wellspring, Inc.",9/6/2022,26,46,Completed,,Check In,2
201,Kortney Cervantes,Opportunity Resources Inc,2/15/2023,100,21,Completed,,Check In,2
202,Kortney Cervantes,Silodyne Company,2/4/2023,77,70,Completed,,Check In,2
203,Kortney Cervantes,"Biospan, LLC.",1/17/2023,57,66,Completed,,Check In,5
204,Vince West,Name,1/28/2023,21,66,Completed,,Check In,4
205,Kortney Cervantes,XPower,2/12/2023,88,20,Completed,,Check In,1
206,Zack Kirby,"Biospan, LLC.",2/6/2023,15,23,Completed,,Check In,2
207,Kortney Cervantes,"Permadyne GmbH, LTD",1/9/2023,48,40,Completed,,Check In,1
208,Kortney Cervantes,"Biospan, LLC.",1/11/2023,43,29,Completed,,Check In,1
209,Zack Kirby,"Plasmosis, Inc.",3/13/2023,93,54,Completed,,Check In,4
210,Kortney Cervantes,Opportunity Resources Inc,11/16/2022,100,58,Completed,,Check In,2
211,Zack Kirby,Silodyne Company,9/9/2022,65,55,Completed,,Check In,2
212,Kortney Cervantes,Optos Inc.,8/16/2022,50,55,Completed,,Check In,5
213,Kortney Cervantes,"Permadyne GmbH, LTD",9/10/2022,22,49,Completed,,Check In,5
214,Vince West,"Wellspring, Inc.",2/18/2023,22,48,Completed,,Check In,3
215,Zack Kirby,Optos Inc.,7/9/2022,38,33,Completed,,Check In,3
216,Zack Kirby,"Biospan, LLC.",5/3/2023,82,52,Completed,,Check In,5
217,Kortney Cervantes,"Biospan, LLC.",8/21/2022,3,70,Completed,,Check In,2
218,Vince West,"Accusage, Inc.",12/9/2022,90,29,Completed,,Check In,3
219,Kortney Cervantes,XPower,6/25/2022,26,67,Completed,,Check In,1
220,Kortney Cervantes,"Wellspring, Inc.",12/7/2022,75,62,Completed,,Check In,3
221,Kortney Cervantes,"Wellspring, Inc.",9/4/2022,66,30,Completed,,Check In,5
222,Vince West,Opportunity Resources Inc,9/24/2022,66,50,Completed,,Check In,4
223,Kortney Cervantes,"Biospan, LLC.",1/24/2023,18,60,Completed,,Check In,1
224,Vince West,"Accusage, Inc.",10/3/2022,62,37,Completed,,Check In,4
225,Kortney Cervantes,"Plasmosis, Inc.",12/3/2022,70,60,Completed,,Check In,1
226,Zack Kirby,Silodyne Company,12/7/2022,64,31,Completed,,Check In,5
227,Zack Kirby,"Accusage, Inc.",1/1/2023,59,42,Completed,,Check In,1
228,Kortney Cervantes,"Biospan, LLC.",1/2/2023,22,52,Completed,,Check In,2
229,Vince West,Optos Inc.,9/26/2022,54,61,Completed,,Check In,5
230,Zack Kirby,"Accusage, Inc.",9/22/2022,64,53,Completed,,Check In,5
231,Vince West,Optos Inc.,6/28/2022,58,44,Completed,,Check In,3
232,Vince West,"Wellspring, Inc.",10/20/2022,45,29,Completed,,Check In,4
233,Kortney Cervantes,"Biospan, LLC.",5/30/2023,30,48,Completed,,Check In,3
234,Kortney Cervantes,"Permadyne GmbH, LTD",7/30/2022,97,17,Completed,,Check In,2
235,Kortney Cervantes,"Permadyne GmbH, LTD",2/24/2023,45,35,Completed,,Check In,3
236,Zack Kirby,Name,5/15/2023,64,19,Completed,,Check In,1
237,Vince West,"Plasmosis, Inc.",8/15/2022,97,30,Completed,,Check In,1
238,Vince West,Opportunity Resources Inc,7/1/2022,95,41,Completed,,Check In,2
239,Vince West,"Wellspring, Inc.",1/30/2023,77,57,Completed,,Check In,3
240,Zack Kirby,Optos Inc.,8/29/2022,17,28,Completed,,Check In,3
241,Vince West,"Permadyne GmbH, LTD",1/22/2023,53,58,Completed,,Check In,3
242,Kortney Cervantes,Name,1/26/2023,24,35,Completed,,Check In,1
243,Zack Kirby,Opportunity Resources Inc,2/25/2023,65,69,Completed,,Check In,4
244,Zack Kirby,Silodyne Company,11/21/2022,73,30,Completed,,Check In,5
245,Zack Kirby,"Wellspring, Inc.",10/11/2022,10,27,Completed,,Check In,3
246,Zack Kirby,Name,10/2/2022,73,44,Completed,,Check In,3
247,Vince West,XPower,11/24/2022,60,19,Completed,,Check In,3
248,Kortney Cervantes,Name,9/5/2022,76,28,Completed,,Check In,1
249,Kortney Cervantes,XPower,2/12/2023,19,53,Completed,,Check In,2
250,Kortney Cervantes,Opportunity Resources Inc,9/18/2022,59,34,Completed,,Check In,5
251,Zack Kirby,"Permadyne GmbH, LTD",8/20/2022,21,56,Completed,,Check In,3
252,Zack Kirby,Optos Inc.,12/20/2022,20,70,Completed,,Check In,3
253,Vince West,XPower,3/22/2023,94,32,Completed,,Check In,3
254,Vince West,"Biospan, LLC.",10/2/2022,93,60,Completed,,Check In,4
255,Zack Kirby,Name,6/30/2022,57,63,Completed,,Check In,5
256,Kortney Cervantes,"Biospan, LLC.",12/30/2022,99,42,Completed,,Check In,3
257,Zack Kirby,"Accusage, Inc.",10/11/2022,43,67,Completed,,Check In,2
258,Zack Kirby,Opportunity Resources Inc,1/12/2023,42,46,Completed,,Check In,3
259,Kortney Cervantes,"Accusage, Inc.",2/13/2023,61,24,Completed,,Check In,1
260,Vince West,"Accusage, Inc.",7/29/2022,72,44,Completed,,Check In,4
261,Zack Kirby,XPower,9/10/2022,83,69,Completed,,Check In,5
262,Kortney Cervantes,Silodyne Company,9/24/2022,66,15,Completed,,Check In,2
263,Zack Kirby,Silodyne Company,7/31/2022,35,24,Completed,,Check In,4
264,Vince West,"Permadyne GmbH, LTD",2/25/2023,4,42,Completed,,Check In,4
265,Kortney Cervantes,"Biospan, LLC.",11/29/2022,87,52,Completed,,Check In,1
266,Vince West,XPower,6/17/2022,54,25,Completed,,Check In,4
267,Kortney Cervantes,Silodyne Company,8/2/2022,96,42,Completed,,Check In,4
268,Kortney Cervantes,XPower,7/8/2022,65,28,Completed,,Check In,2
269,Zack Kirby,Silodyne Company,12/12/2022,93,27,Completed,,Check In,3
270,Vince West,"Accusage, Inc.",3/8/2023,36,45,Completed,,Check In,3
271,Kortney Cervantes,XPower,2/9/2023,4,47,Completed,,Check In,2
272,Kortney Cervantes,Optos Inc.,1/18/2023,53,62,Completed,,Check In,5
273,Kortney Cervantes,"Permadyne GmbH, LTD",6/13/2022,64,19,Completed,,Check In,4
274,Zack Kirby,Optos Inc.,3/7/2023,9,31,Completed,,Check In,1
275,Kortney Cervantes,"Permadyne GmbH, LTD",3/8/2023,42,18,Completed,,Check In,2
276,Vince West,"Permadyne GmbH, LTD",10/2/2022,84,37,Completed,,Check In,5
277,Vince West,"Wellspring, Inc.",8/24/2022,7,23,Completed,,Check In,3
278,Kortney Cervantes,Silodyne Company,4/9/2023,59,60,Completed,,Check In,4
279,Vince West,"Permadyne GmbH, LTD",7/9/2022,60,23,Completed,,Check In,2
280,Kortney Cervantes,Silodyne Company,9/12/2022,50,53,Completed,,Check In,2
281,Zack Kirby,"Accusage, Inc.",9/8/2022,27,22,Completed,,Check In,1
282,Zack Kirby,"Accusage, Inc.",5/24/2023,38,62,Completed,,Check In,5
283,Zack Kirby,"Wellspring, Inc.",2/23/2023,29,40,Completed,,Check In,5
284,Kortney Cervantes,"Wellspring, Inc.",2/1/2023,14,20,Completed,,Check In,2
285,Kortney Cervantes,Opportunity Resources Inc,10/26/2022,22,34,Completed,,Check In,2
286,Zack Kirby,Opportunity Resources Inc,10/30/2022,39,29,Completed,,Check In,1
287,Kortney Cervantes,Name,9/12/2022,71,30,Completed,,Check In,1
288,Zack Kirby,"Biospan, LLC.",3/6/2023,33,25,Completed,,Check In,3
289,Zack Kirby,Opportunity Resources Inc,8/28/2022,60,38,Completed,,Check In,5
290,Kortney Cervantes,"Permadyne GmbH, LTD",2/13/2023,82,40,Completed,,Check In,2
291,Kortney Cervantes,Silodyne Company,9/3/2022,86,41,Completed,,Check In,5
292,Zack Kirby,"Accusage, Inc.",5/27/2023,33,53,Completed,,Check In,2
293,Zack Kirby,"Accusage, Inc.",7/7/2022,30,32,Completed,,Check In,2
294,Vince West,Opportunity Resources Inc,1/20/2023,89,19,Completed,,Check In,3
295,Kortney Cervantes,"Plasmosis, Inc.",1/12/2023,22,65,Completed,,Check In,5
296,Zack Kirby,Optos Inc.,6/26/2022,46,42,Completed,,Check In,1
297,Kortney Cervantes,Opportunity Resources Inc,4/12/2023,86,16,Completed,,Check In,1
298,Zack Kirby,Optos Inc.,7/17/2022,31,39,Completed,,Check In,2
299,Kortney Cervantes,"Permadyne GmbH, LTD",4/26/2023,20,18,Completed,,Check In,3
300,Kortney Cervantes,"Biospan, LLC.",5/5/2023,25,17,Completed,,Check In,3
301,Kortney Cervantes,"Wellspring, Inc.",11/13/2022,19,45,Completed,,Check In,5
302,Vince West,"Accusage, Inc.",8/4/2022,98,31,Completed,,Check In,5
303,Vince West,XPower,4/18/2023,74,57,Completed,,Check In,3
304,Zack Kirby,Optos Inc.,6/6/2022,27,31,Completed,,Check In,2
305,Zack Kirby,"Wellspring, Inc.",8/17/2022,7,17,Completed,,Check In,2
306,Zack Kirby,"Wellspring, Inc.",2/17/2023,75,42,Completed,,Check In,3
307,Zack Kirby,"Biospan, LLC.",3/10/2023,46,68,Completed,,Check In,3
308,Zack Kirby,Silodyne Company,9/20/2022,82,15,Completed,,Check In,5
309,Zack Kirby,XPower,2/7/2023,42,58,Completed,,Check In,3
310,Zack Kirby,Name,3/24/2023,68,50,Completed,,Check In,1
311,Kortney Cervantes,Opportunity Resources Inc,1/8/2023,29,18,Completed,,Check In,4
312,Zack Kirby,"Biospan, LLC.",12/25/2022,55,61,Completed,,Check In,5
313,Kortney Cervantes,Name,10/17/2022,19,22,Completed,,Check In,2
314,Zack Kirby,"Accusage, Inc.",12/5/2022,100,63,Completed,,Check In,5
315,Vince West,Silodyne Company,10/26/2022,1,15,Completed,,Check In,2
316,Zack Kirby,Name,1/9/2023,35,44,Completed,,Check In,4
317,Zack Kirby,Name,3/30/2023,36,37,Completed,,Check In,1
318,Zack Kirby,XPower,1/14/2023,69,40,Completed,,Check In,4
319,Kortney Cervantes,Opportunity Resources Inc,11/3/2022,35,70,Completed,,Check In,5
320,Zack Kirby,Optos Inc.,4/13/2023,82,42,Completed,,Check In,3
321,Zack Kirby,Name,3/21/2023,16,54,Completed,,Check In,3
322,Zack Kirby,"Plasmosis, Inc.",12/19/2022,77,50,Completed,,Check In,5
323,Vince West,"Accusage, Inc.",7/9/2022,59,36,Completed,,Check In,3
324,Zack Kirby,Name,6/22/2022,36,27,Completed,,Check In,5
325,Vince West,"Plasmosis, Inc.",7/8/2022,79,50,Completed,,Check In,2
326,Vince West,"Permadyne GmbH, LTD",1/28/2023,51,67,Completed,,Check In,5
327,Zack Kirby,Opportunity Resources Inc,7/8/2022,15,37,Completed,,Check In,3
328,Kortney Cervantes,"Wellspring, Inc.",4/16/2023,79,35,Completed,,Check In,5
329,Vince West,Opportunity Resources Inc,10/26/2022,82,30,Completed,,Check In,1
330,Zack Kirby,XPower,6/21/2022,38,47,Completed,,Check In,2
331,Kortney Cervantes,Silodyne Company,5/5/2023,11,35,Completed,,Check In,2
332,Kortney Cervantes,Optos Inc.,3/14/2023,44,32,Completed,,Check In,3
333,Vince West,"Wellspring, Inc.",10/11/2022,41,56,Completed,,Check In,4
334,Zack Kirby,Silodyne Company,7/1/2022,74,18,Completed,,Check In,2
335,Vince West,Name,3/27/2023,1,17,Completed,,Check In,5
336,Zack Kirby,Name,5/25/2023,48,36,Completed,,Check In,3
337,Kortney Cervantes,XPower,3/30/2023,6,59,Completed,,Check In,1
338,Zack Kirby,Silodyne Company,7/12/2022,29,22,Completed,,Check In,1
339,Vince West,"Accusage, Inc.",4/20/2023,62,47,Completed,,Check In,4
340,Vince West,"Plasmosis, Inc.",5/7/2023,39,32,Completed,,Check In,5
341,Kortney Cervantes,"Plasmosis, Inc.",8/23/2022,80,52,Completed,,Check In,4
342,Kortney Cervantes,"Wellspring, Inc.",9/25/2022,76,56,Completed,,Check In,2
343,Vince West,"Permadyne GmbH, LTD",6/25/2022,89,37,Completed,,Check In,3
344,Vince West,Name,5/5/2023,25,65,Completed,,Check In,5
345,Kortney Cervantes,"Plasmosis, Inc.",3/4/2023,84,51,Completed,,Check In,2
346,Vince West,"Plasmosis, Inc.",1/11/2023,28,39,Completed,,Check In,2
347,Zack Kirby,XPower,8/16/2022,32,49,Completed,,Check In,5
348,Zack Kirby,"Wellspring, Inc.",9/10/2022,37,35,Completed,,Check In,1
349,Kortney Cervantes,"Wellspring, Inc.",6/11/2022,31,54,Completed,,Check In,3
350,Zack Kirby,Name,4/11/2023,50,50,Completed,,Check In,4
351,Zack Kirby,Opportunity Resources Inc,3/2/2023,79,29,Completed,,Check In,3
352,Vince West,Silodyne Company,4/16/2023,7,39,Completed,,Check In,4
353,Zack Kirby,"Permadyne GmbH, LTD",6/27/2022,27,27,Completed,,Check In,5
354,Zack Kirby,"Accusage, Inc.",11/18/2022,47,28,Completed,,Check In,5
355,Zack Kirby,XPower,9/15/2022,5,24,Completed,,Check In,1
356,Vince West,Silodyne Company,11/22/2022,38,65,Completed,,Check In,3
357,Kortney Cervantes,"Plasmosis, Inc.",5/12/2023,87,61,Completed,,Check In,1
358,Kortney Cervantes,"Biospan, LLC.",12/5/2022,58,51,Completed,,Check In,2
359,Vince West,Silodyne Company,1/18/2023,74,53,Completed,,Check In,2
360,Kortney Cervantes,Opportunity Resources Inc,9/1/2022,8,28,Completed,,Check In,1
361,Zack Kirby,Opportunity Resources Inc,7/11/2022,80,65,Completed,,Check In,5
362,Zack Kirby,"Biospan, LLC.",12/17/2022,73,20,Completed,,Check In,5
363,Vince West,Name,6/11/2022,56,61,Completed,,Check In,4
364,Kortney Cervantes,XPower,1/5/2023,67,22,Completed,,Check In,3
365,Zack Kirby,Name,11/12/2022,99,55,Completed,,Check In,5
366,Vince West,"Plasmosis, Inc.",2/21/2023,96,20,Completed,,Check In,5
367,Zack Kirby,"Accusage, Inc.",4/4/2023,29,19,Completed,,Check In,2
368,Vince West,"Plasmosis, Inc.",5/31/2023,90,45,Completed,,Check In,1
369,Zack Kirby,Name,5/19/2023,92,64,Completed,,Check In,1
370,Kortney Cervantes,"Accusage, Inc.",7/18/2022,81,68,Completed,,Check In,5
371,Kortney Cervantes,XPower,2/15/2023,90,56,Completed,,Check In,4
372,Vince West,"Wellspring, Inc.",4/28/2023,52,22,Completed,,Check In,3
373,Kortney Cervantes,"Permadyne GmbH, LTD",4/14/2023,68,47,Completed,,Check In,2
374,Zack Kirby,"Accusage, Inc.",6/17/2022,48,29,Completed,,Check In,2
375,Vince West,"Permadyne GmbH, LTD",4/23/2023,49,15,Completed,,Check In,2
376,Zack Kirby,"Accusage, Inc.",3/9/2023,8,60,Completed,,Check In,5
377,Zack Kirby,Optos Inc.,1/20/2023,74,32,Completed,,Check In,2
378,Vince West,"Plasmosis, Inc.",9/17/2022,46,50,Completed,,Check In,3
379,Vince West,Name,12/7/2022,57,65,Completed,,Check In,5
380,Vince West,Opportunity Resources Inc,8/5/2022,44,46,Completed,,Check In,4
381,Zack Kirby,XPower,5/25/2023,55,44,Completed,,Check In,2
382,Kortney Cervantes,Optos Inc.,6/30/2022,98,46,Completed,,Check In,1
383,Kortney Cervantes,"Permadyne GmbH, LTD",4/23/2023,76,47,Completed,,Check In,1
384,Zack Kirby,"Wellspring, Inc.",11/21/2022,72,40,Completed,,Check In,3
385,Zack Kirby,Silodyne Company,4/9/2023,37,45,Completed,,Check In,2
386,Kortney Cervantes,Name,9/26/2022,43,67,Completed,,Check In,3
387,Vince West,Name,9/2/2022,56,32,Completed,,Check In,3
388,Vince West,"Plasmosis, Inc.",10/1/2022,83,44,Completed,,Check In,3
389,Kortney Cervantes,"Plasmosis, Inc.",12/13/2022,24,19,Completed,,Check In,1
390,Kortney Cervantes,Name,2/11/2023,25,25,Completed,,Check In,3
391,Kortney Cervantes,"Permadyne GmbH, LTD",5/20/2023,48,36,Completed,,Check In,5
392,Zack Kirby,Opportunity Resources Inc,12/12/2022,8,23,Completed,,Check In,4
393,Zack Kirby,Name,11/12/2022,23,25,Completed,,Check In,4
394,Kortney Cervantes,Optos Inc.,12/22/2022,15,20,Completed,,Check In,3
395,Kortney Cervantes,"Accusage, Inc.",3/18/2023,72,47,Completed,,Check In,4
396,Vince West,"Permadyne GmbH, LTD",7/16/2022,63,32,Completed,,Check In,4
397,Vince West,Name,12/20/2022,28,42,Completed,,Check In,2
398,Vince West,Optos Inc.,2/24/2023,31,32,Completed,,Check In,4
399,Kortney Cervantes,"Biospan, LLC.",5/25/2023,77,43,Completed,,Check In,3
400,Kortney Cervantes,"Permadyne GmbH, LTD",3/10/2023,49,33,Completed,,Check In,1
401,Kortney Cervantes,Opportunity Resources Inc,11/27/2022,39,37,Completed,,Check In,4
402,Kortney Cervantes,"Plasmosis, Inc.",6/30/2022,45,29,Completed,,Check In,2
403,Zack Kirby,Name,11/7/2022,61,49,Completed,,Check In,1
404,Kortney Cervantes,"Accusage, Inc.",6/18/2022,93,60,Completed,,Check In,5
405,Kortney Cervantes,"Plasmosis, Inc.",3/10/2023,44,39,Completed,,Check In,5
406,Zack Kirby,Silodyne Company,11/24/2022,20,21,Completed,,Check In,2
407,Zack Kirby,Optos Inc.,11/20/2022,73,27,Completed,,Check In,3
408,Zack Kirby,"Plasmosis, Inc.",9/28/2022,77,54,Completed,,Check In,1
409,Zack Kirby,Name,8/11/2022,74,44,Completed,,Check In,5
410,Zack Kirby,"Wellspring, Inc.",12/6/2022,22,48,Completed,,Check In,5
411,Kortney Cervantes,"Biospan, LLC.",12/12/2022,64,43,Completed,,Check In,3
412,Zack Kirby,"Plasmosis, Inc.",4/2/2023,48,67,Completed,,Check In,4
413,Zack Kirby,"Plasmosis, Inc.",10/26/2022,94,15,Completed,,Check In,4
414,Zack Kirby,Optos Inc.,8/2/2022,58,24,Completed,,Check In,5
415,Kortney Cervantes,Silodyne Company,3/10/2023,55,69,Completed,,Check In,4
416,Kortney Cervantes,Optos Inc.,10/8/2022,62,64,Completed,,Check In,3
417,Kortney Cervantes,Name,7/16/2022,14,57,Completed,,Check In,4
418,Zack Kirby,XPower,11/26/2022,68,38,Completed,,Check In,4
419,Kortney Cervantes,"Accusage, Inc.",2/26/2023,27,32,Completed,,Check In,4
420,Vince West,Name,1/8/2023,56,60,Completed,,Check In,1
421,Kortney Cervantes,"Wellspring, Inc.",1/7/2023,69,50,Completed,,Check In,2
422,Kortney Cervantes,"Plasmosis, Inc.",11/13/2022,26,48,Completed,,Check In,4
423,Zack Kirby,Optos Inc.,3/31/2023,70,37,Completed,,Check In,2
424,Vince West,"Accusage, Inc.",8/2/2022,26,68,Completed,,Check In,5
425,Kortney Cervantes,Name,8/19/2022,98,16,Completed,,Check In,1
426,Kortney Cervantes,"Permadyne GmbH, LTD",8/11/2022,17,69,Completed,,Check In,1
427,Vince West,"Permadyne GmbH, LTD",1/10/2023,85,45,Completed,,Check In,3
428,Zack Kirby,Name,11/28/2022,8,33,Completed,,Check In,5
429,Kortney Cervantes,"Permadyne GmbH, LTD",10/22/2022,96,53,Completed,,Check In,4
430,Kortney Cervantes,"Wellspring, Inc.",7/2/2022,27,17,Completed,,Check In,5
431,Zack Kirby,"Plasmosis, Inc.",1/8/2023,22,48,Completed,,Check In,2
432,Vince West,"Plasmosis, Inc.",9/1/2022,56,42,Completed,,Check In,2
433,Kortney Cervantes,Opportunity Resources Inc,6/7/2022,57,36,Completed,,Check In,4
434,Zack Kirby,XPower,11/21/2022,93,35,Completed,,Check In,4
435,Zack Kirby,XPower,11/6/2022,78,68,Completed,,Check In,5
436,Vince West,XPower,10/30/2022,90,64,Completed,,Check In,1
437,Vince West,XPower,12/16/2022,78,22,Completed,,Check In,5
438,Zack Kirby,"Plasmosis, Inc.",1/17/2023,37,26,Completed,,Check In,1
439,Zack Kirby,"Wellspring, Inc.",3/20/2023,12,52,Completed,,Check In,5
440,Vince West,"Plasmosis, Inc.",3/5/2023,32,52,Completed,,Check In,2
441,Zack Kirby,Opportunity Resources Inc,6/13/2022,99,43,Completed,,Check In,4
442,Kortney Cervantes,"Permadyne GmbH, LTD",1/14/2023,28,42,Completed,,Check In,4
443,Kortney Cervantes,"Plasmosis, Inc.",2/15/2023,47,24,Completed,,Check In,4
444,Zack Kirby,Silodyne Company,6/8/2022,49,59,Completed,,Check In,2
445,Kortney Cervantes,"Accusage, Inc.",8/17/2022,20,51,Completed,,Check In,4
446,Vince West,"Permadyne GmbH, LTD",6/6/2022,30,16,Completed,,Check In,5
447,Zack Kirby,"Biospan, LLC.",8/2/2022,40,34,Completed,,Check In,2
448,Vince West,Silodyne Company,7/15/2022,33,46,Completed,,Check In,1
449,Zack Kirby,XPower,7/19/2022,4,47,Completed,,Check In,4
450,Vince West,"Biospan, LLC.",9/13/2022,75,55,Completed,,Check In,5
451,Kortney Cervantes,Opportunity Resources Inc,2/17/2023,63,18,Completed,,Check In,4
452,Kortney Cervantes,"Biospan, LLC.",2/27/2023,23,64,Completed,,Check In,4
453,Zack Kirby,"Permadyne GmbH, LTD",6/4/2022,34,37,Completed,,Check In,3
454,Vince West,"Permadyne GmbH, LTD",4/10/2023,75,54,Completed,,Check In,3
455,Kortney Cervantes,"Plasmosis, Inc.",5/16/2023,44,47,Completed,,Check In,5
456,Vince West,Opportunity Resources Inc,4/10/2023,31,48,Completed,,Check In,1
457,Kortney Cervantes,XPower,12/12/2022,92,49,Completed,,Check In,5
458,Kortney Cervantes,"Permadyne GmbH, LTD",12/15/2022,81,58,Completed,,Check In,4
459,Vince West,Silodyne Company,4/12/2023,10,31,Completed,,Check In,2
460,Kortney Cervantes,"Permadyne GmbH, LTD",10/2/2022,73,34,Completed,,Check In,5
461,Zack Kirby,"Plasmosis, Inc.",10/14/2022,85,46,Completed,,Check In,3
462,Kortney Cervantes,Name,10/17/2022,50,31,Completed,,Check In,3
463,Kortney Cervantes,XPower,2/16/2023,30,54,Completed,,Check In,2
464,Vince West,Opportunity Resources Inc,4/21/2023,29,48,Completed,,Check In,3
465,Zack Kirby,"Permadyne GmbH, LTD",10/25/2022,42,61,Completed,,Check In,2
466,Zack Kirby,"Permadyne GmbH, LTD",4/20/2023,27,68,Completed,,Check In,3
467,Vince West,Name,12/7/2022,41,61,Completed,,Check In,3
468,Vince West,"Accusage, Inc.",2/25/2023,29,57,Completed,,Check In,3
469,Zack Kirby,Name,1/9/2023,56,34,Completed,,Check In,2
470,Zack Kirby,"Wellspring, Inc.",3/13/2023,4,29,Completed,,Check In,3
471,Vince West,Name,12/12/2022,28,62,Completed,,Check In,2
472,Vince West,Name,8/22/2022,71,55,Completed,,Check In,3
473,Kortney Cervantes,Name,3/23/2023,47,43,Completed,,Check In,3
474,Zack Kirby,Name,3/8/2023,27,39,Completed,,Check In,5
475,Zack Kirby,Name,10/8/2022,80,20,Completed,,Check In,3
476,Zack Kirby,Optos Inc.,6/13/2022,22,32,Completed,,Check In,4
477,Kortney Cervantes,Optos Inc.,1/31/2023,39,45,Completed,,Check In,5
478,Kortney Cervantes,Name,5/20/2023,67,41,Completed,,Check In,2
479,Vince West,Silodyne Company,3/28/2023,35,66,Completed,,Check In,2
480,Zack Kirby,Silodyne Company,12/18/2022,29,65,Completed,,Check In,4
481,Kortney Cervantes,"Plasmosis, Inc.",5/6/2023,4,25,Completed,,Check In,2
482,Vince West,XPower,12/16/2022,62,33,Completed,,Check In,3
483,Kortney Cervantes,Silodyne Company,1/30/2023,49,54,Completed,,Check In,1
484,Kortney Cervantes,Silodyne Company,4/6/2023,21,69,Completed,,Check In,3
485,Zack Kirby,Opportunity Resources Inc,9/25/2022,42,51,Completed,,Check In,2
486,Kortney Cervantes,Name,4/28/2023,86,22,Completed,,Check In,2
487,Vince West,XPower,10/27/2022,74,67,Completed,,Check In,2
488,Zack Kirby,Name,2/2/2023,36,36,Completed,,Check In,5
489,Zack Kirby,"Biospan, LLC.",12/31/2022,51,41,Completed,,Check In,4
490,Zack Kirby,XPower,6/7/2022,9,35,Completed,,Check In,4
491,Zack Kirby,"Biospan, LLC.",8/24/2022,77,24,Completed,,Check In,4
492,Kortney Cervantes,"Permadyne GmbH, LTD",8/4/2022,67,69,Completed,,Check In,3
493,Zack Kirby,"Accusage, Inc.",12/19/2022,50,60,Completed,,Check In,2
494,Vince West,Opportunity Resources Inc,2/19/2023,17,15,Completed,,Check In,1
495,Vince West,"Biospan, LLC.",7/9/2022,33,70,Completed,,Check In,4
496,Zack Kirby,Name,3/22/2023,71,53,Completed,,Check In,3
497,Vince West,Name,2/28/2023,61,27,Completed,,Check In,1
498,Vince West,Opportunity Resources Inc,12/14/2022,12,28,Completed,,Check In,1
499,Vince West,Optos Inc.,12/26/2022,8,39,Completed,,Check In,4
500,Vince West,"Accusage, Inc.",1/29/2023,7,69,Completed,,Check In,5
501,Kortney Cervantes,"Wellspring, Inc.",12/15/2022,8,48,Completed,,Check In,3
502,Vince West,"Biospan, LLC.",5/18/2023,69,37,Completed,,Check In,3
503,Zack Kirby,XPower,6/23/2022,22,41,Completed,,Check In,4
504,Zack Kirby,Opportunity Resources Inc,7/18/2022,44,48,Completed,,Check In,5
505,Kortney Cervantes,XPower,3/4/2023,8,19,Completed,,Check In,2
506,Zack Kirby,Name,2/12/2023,53,53,Completed,,Check In,3
507,Zack Kirby,Optos Inc.,5/1/2023,60,57,Completed,,Check In,3
508,Kortney Cervantes,"Wellspring, Inc.",2/15/2023,81,15,Completed,,Check In,2
509,Kortney Cervantes,Name,5/9/2023,31,62,Completed,,Check In,2
510,Kortney Cervantes,Silodyne Company,2/24/2023,32,62,Completed,,Check In,2
511,Zack Kirby,Opportunity Resources Inc,1/2/2023,96,29,Completed,,Check In,4
512,Vince West,Opportunity Resources Inc,6/16/2022,54,45,Completed,,Check In,4
513,Kortney Cervantes,Silodyne Company,9/10/2022,82,64,Completed,,Check In,5
514,Vince West,"Accusage, Inc.",11/2/2022,33,66,Completed,,Check In,1
515,Kortney Cervantes,"Permadyne GmbH, LTD",12/4/2022,12,22,Completed,,Check In,4
516,Vince West,Optos Inc.,12/27/2022,74,57,Completed,,Check In,5
517,Kortney Cervantes,"Biospan, LLC.",12/9/2022,30,39,Completed,,Check In,4
518,Kortney Cervantes,XPower,8/14/2022,62,48,Completed,,Check In,3
519,Vince West,Optos Inc.,5/26/2023,77,58,Completed,,Check In,3
520,Zack Kirby,XPower,2/24/2023,44,53,Completed,,Check In,5
521,Kortney Cervantes,"Accusage, Inc.",8/19/2022,2,42,Completed,,Check In,1
522,Zack Kirby,"Wellspring, Inc.",3/10/2023,88,64,Completed,,Check In,4
523,Kortney Cervantes,"Accusage, Inc.",11/6/2022,57,57,Completed,,Check In,3
524,Zack Kirby,Silodyne Company,8/9/2022,50,31,Completed,,Check In,3
525,Kortney Cervantes,"Accusage, Inc.",1/4/2023,66,68,Completed,,Check In,3
526,Zack Kirby,"Permadyne GmbH, LTD",7/9/2022,2,68,Completed,,Check In,2
527,Vince West,Opportunity Resources Inc,10/10/2022,50,24,Completed,,Check In,2
528,Zack Kirby,"Permadyne GmbH, LTD",8/9/2022,96,47,Completed,,Check In,3
529,Vince West,Optos Inc.,6/23/2022,12,18,Completed,,Check In,5
530,Vince West,"Biospan, LLC.",2/7/2023,85,58,Completed,,Check In,1
531,Vince West,"Permadyne GmbH, LTD",5/26/2023,6,32,Completed,,Check In,4
532,Zack Kirby,Opportunity Resources Inc,2/16/2023,98,36,Completed,,Check In,1
533,Zack Kirby,Name,8/4/2022,92,35,Completed,,Check In,1
534,Vince West,"Biospan, LLC.",12/6/2022,97,25,Completed,,Check In,4
535,Zack Kirby,Optos Inc.,8/31/2022,81,25,Completed,,Check In,2
536,Zack Kirby,"Wellspring, Inc.",5/29/2023,54,31,Completed,,Check In,2
537,Vince West,"Permadyne GmbH, LTD",12/22/2022,87,32,Completed,,Check In,5
538,Zack Kirby,"Biospan, LLC.",3/17/2023,62,26,Completed,,Check In,4
539,Zack Kirby,"Permadyne GmbH, LTD",7/20/2022,49,23,Completed,,Check In,2
540,Vince West,"Permadyne GmbH, LTD",2/3/2023,59,20,Completed,,Check In,3
541,Zack Kirby,Name,3/1/2023,19,59,Completed,,Check In,3
542,Zack Kirby,"Wellspring, Inc.",12/5/2022,100,68,Completed,,Check In,2
543,Kortney Cervantes,Opportunity Resources Inc,12/3/2022,79,17,Completed,,Check In,1
544,Kortney Cervantes,"Wellspring, Inc.",6/23/2022,36,22,Completed,,Check In,1
545,Vince West,"Biospan, LLC.",4/23/2023,66,26,Completed,,Check In,4
546,Zack Kirby,"Accusage, Inc.",6/24/2022,81,32,Completed,,Check In,3
547,Kortney Cervantes,"Permadyne GmbH, LTD",10/24/2022,21,34,Completed,,Check In,3
548,Vince West,Optos Inc.,3/3/2023,92,42,Completed,,Check In,5
549,Vince West,Name,5/24/2023,68,67,Completed,,Check In,1
550,Vince West,XPower,3/10/2023,89,54,Completed,,Check In,2
551,Kortney Cervantes,"Biospan, LLC.",12/8/2022,68,31,Completed,,Check In,2
552,Kortney Cervantes,Optos Inc.,10/15/2022,25,31,Completed,,Check In,5
553,Kortney Cervantes,Silodyne Company,12/8/2022,15,58,Completed,,Check In,5
554,Vince West,Name,5/3/2023,11,43,Completed,,Check In,3
555,Zack Kirby,Opportunity Resources Inc,3/4/2023,40,41,Completed,,Check In,1
556,Vince West,"Permadyne GmbH, LTD",9/19/2022,37,18,Completed,,Check In,5
557,Zack Kirby,"Accusage, Inc.",12/16/2022,93,46,Completed,,Check In,2
558,Zack Kirby,"Accusage, Inc.",10/27/2022,24,36,Completed,,Check In,2
559,Kortney Cervantes,"Wellspring, Inc.",9/14/2022,36,54,Completed,,Check In,4
560,Vince West,"Accusage, Inc.",8/6/2022,37,26,Completed,,Check In,2
561,Vince West,"Accusage, Inc.",9/21/2022,52,60,Completed,,Check In,3
562,Vince West,XPower,7/15/2022,14,36,Completed,,Check In,4
563,Kortney Cervantes,"Accusage, Inc.",11/3/2022,70,34,Completed,,Check In,4
564,Vince West,"Plasmosis, Inc.",8/25/2022,12,32,Completed,,Check In,4
565,Vince West,"Accusage, Inc.",4/7/2023,27,30,Completed,,Check In,2
566,Zack Kirby,"Permadyne GmbH, LTD",1/2/2023,69,40,Completed,,Check In,4
567,Zack Kirby,Opportunity Resources Inc,1/27/2023,79,54,Completed,,Check In,3
568,Vince West,Name,5/12/2023,48,33,Completed,,Check In,5
569,Kortney Cervantes,"Plasmosis, Inc.",6/30/2022,23,31,Completed,,Check In,3
570,Vince West,Silodyne Company,10/3/2022,87,30,Completed,,Check In,4
571,Vince West,"Plasmosis, Inc.",9/9/2022,49,53,Completed,,Check In,2
572,Zack Kirby,Silodyne Company,3/27/2023,13,56,Completed,,Check In,2
573,Kortney Cervantes,Name,12/13/2022,77,29,Completed,,Check In,1
574,Kortney Cervantes,Silodyne Company,12/23/2022,97,39,Completed,,Check In,4
575,Zack Kirby,Opportunity Resources Inc,12/22/2022,31,56,Completed,,Check In,5
576,Vince West,"Plasmosis, Inc.",2/7/2023,15,64,Completed,,Check In,4
577,Kortney Cervantes,Silodyne Company,10/31/2022,91,64,Completed,,Check In,4
578,Vince West,"Wellspring, Inc.",3/18/2023,2,17,Completed,,Check In,5
579,Zack Kirby,"Wellspring, Inc.",10/31/2022,21,44,Completed,,Check In,3
580,Vince West,"Biospan, LLC.",10/12/2022,14,30,Completed,,Check In,2
581,Kortney Cervantes,Optos Inc.,2/5/2023,93,48,Completed,,Check In,4
582,Vince West,"Accusage, Inc.",6/2/2022,38,56,Completed,,Check In,2
583,Zack Kirby,XPower,2/6/2023,64,28,Completed,,Check In,5
584,Zack Kirby,Opportunity Resources Inc,8/4/2022,35,52,Completed,,Check In,1
585,Vince West,"Accusage, Inc.",7/28/2022,18,27,Completed,,Check In,2
586,Zack Kirby,"Wellspring, Inc.",4/13/2023,79,58,Completed,,Check In,5
587,Vince West,Opportunity Resources Inc,2/13/2023,58,38,Completed,,Check In,5
588,Kortney Cervantes,XPower,3/16/2023,37,25,Completed,,Check In,5
589,Vince West,Silodyne Company,12/27/2022,65,67,Completed,,Check In,4
590,Kortney Cervantes,"Permadyne GmbH, LTD",10/24/2022,50,50,Completed,,Check In,4
591,Zack Kirby,Opportunity Resources Inc,4/28/2023,27,60,Completed,,Check In,2
592,Kortney Cervantes,"Biospan, LLC.",11/28/2022,61,54,Completed,,Check In,2
593,Zack Kirby,"Accusage, Inc.",7/30/2022,61,23,Completed,,Check In,1
594,Kortney Cervantes,"Plasmosis, Inc.",5/25/2023,37,53,Completed,,Check In,1
595,Vince West,"Biospan, LLC.",8/15/2022,17,32,Completed,,Check In,2
596,Vince West,"Wellspring, Inc.",12/27/2022,4,16,Completed,,Check In,5
597,Kortney Cervantes,XPower,4/25/2023,67,43,Completed,,Check In,3
598,Kortney Cervantes,Opportunity Resources Inc,11/21/2022,54,43,Completed,,Check In,1
599,Vince West,"Plasmosis, Inc.",8/7/2022,5,64,Completed,,Check In,2
600,Kortney Cervantes,Opportunity Resources Inc,11/29/2022,71,67,Completed,,Check In,3
601,Vince West,"Plasmosis, Inc.",5/16/2023,62,24,Completed,,Check In,3
602,Vince West,Opportunity Resources Inc,5/24/2023,49,59,Completed,,Check In,5
603,Vince West,"Wellspring, Inc.",10/14/2022,92,53,Completed,,Check In,5
604,Kortney Cervantes,XPower,4/5/2023,52,50,Completed,,Check In,2
605,Zack Kirby,Name,12/23/2022,93,31,Completed,,Check In,4
606,Vince West,Opportunity Resources Inc,11/16/2022,67,49,Completed,,Check In,3
607,Kortney Cervantes,"Wellspring, Inc.",6/15/2022,22,15,Completed,,Check In,3
608,Vince West,"Wellspring, Inc.",9/8/2022,93,30,Completed,,Check In,2
609,Zack Kirby,"Accusage, Inc.",8/22/2022,71,37,Completed,,Check In,5
610,Zack Kirby,XPower,1/3/2023,45,24,Completed,,Check In,3
611,Zack Kirby,XPower,6/27/2022,28,31,Completed,,Check In,3
612,Vince West,Optos Inc.,10/16/2022,30,55,Completed,,Check In,3
613,Vince West,"Plasmosis, Inc.",12/26/2022,48,35,Completed,,Check In,3
614,Zack Kirby,"Wellspring, Inc.",2/19/2023,1,36,Completed,,Check In,2
615,Vince West,Silodyne Company,1/13/2023,26,18,Completed,,Check In,5
616,Kortney Cervantes,"Accusage, Inc.",5/10/2023,64,64,Completed,,Check In,1
617,Vince West,Opportunity Resources Inc,9/11/2022,83,44,Completed,,Check In,5
618,Zack Kirby,Opportunity Resources Inc,5/11/2023,87,27,Completed,,Check In,1
619,Zack Kirby,"Permadyne GmbH, LTD",10/6/2022,58,36,Completed,,Check In,1
620,Kortney Cervantes,"Plasmosis, Inc.",3/2/2023,66,17,Completed,,Check In,1
621,Kortney Cervantes,"Accusage, Inc.",9/9/2022,22,46,Completed,,Check In,2
622,Kortney Cervantes,"Accusage, Inc.",7/4/2022,20,48,Completed,,Check In,4
623,Vince West,"Plasmosis, Inc.",4/17/2023,23,44,Completed,,Check In,1
624,Zack Kirby,"Accusage, Inc.",7/13/2022,6,38,Completed,,Check In,4
625,Zack Kirby,Optos Inc.,4/10/2023,94,17,Completed,,Check In,2
626,Vince West,Silodyne Company,1/27/2023,39,32,Completed,,Check In,5
627,Kortney Cervantes,Optos Inc.,8/15/2022,20,28,Completed,,Check In,3
628,Vince West,Optos Inc.,3/23/2023,60,18,Completed,,Check In,2
629,Vince West,"Accusage, Inc.",2/14/2023,50,51,Completed,,Check In,4
630,Vince West,"Wellspring, Inc.",4/21/2023,50,67,Completed,,Check In,2
631,Zack Kirby,Opportunity Resources Inc,11/12/2022,55,57,Completed,,Check In,3
632,Kortney Cervantes,Silodyne Company,1/15/2023,13,56,Completed,,Check In,2
633,Zack Kirby,Opportunity Resources Inc,8/1/2022,20,69,Completed,,Check In,5
634,Vince West,Optos Inc.,7/12/2022,49,25,Completed,,Check In,5
635,Vince West,Name,3/12/2023,11,47,Completed,,Check In,5
636,Zack Kirby,Opportunity Resources Inc,6/11/2022,40,40,Completed,,Check In,3
637,Vince West,"Accusage, Inc.",11/1/2022,57,27,Completed,,Check In,4
638,Zack Kirby,Name,8/17/2022,72,26,Completed,,Check In,1
639,Kortney Cervantes,"Biospan, LLC.",7/8/2022,97,20,Completed,,Check In,1
640,Zack Kirby,"Permadyne GmbH, LTD",4/28/2023,23,36,Completed,,Check In,4
641,Zack Kirby,Silodyne Company,6/4/2022,96,64,Completed,,Check In,2
642,Zack Kirby,"Wellspring, Inc.",12/1/2022,56,51,Completed,,Check In,2
643,Kortney Cervantes,"Plasmosis, Inc.",7/21/2022,63,29,Completed,,Check In,3
644,Zack Kirby,Optos Inc.,2/15/2023,66,23,Completed,,Check In,5
645,Vince West,"Accusage, Inc.",1/26/2023,2,18,Completed,,Check In,5
646,Kortney Cervantes,"Plasmosis, Inc.",10/23/2022,2,66,Completed,,Check In,1
647,Vince West,XPower,10/13/2022,94,54,Completed,,Check In,4
648,Zack Kirby,Name,4/20/2023,40,66,Completed,,Check In,4
649,Vince West,"Plasmosis, Inc.",1/8/2023,60,65,Completed,,Check In,1
650,Zack Kirby,Silodyne Company,3/22/2023,93,51,Completed,,Check In,5
651,Kortney Cervantes,"Wellspring, Inc.",9/14/2022,84,18,Completed,,Check In,4
652,Vince West,"Accusage, Inc.",3/28/2023,81,59,Completed,,Check In,5
653,Vince West,Opportunity Resources Inc,11/7/2022,87,18,Completed,,Check In,5
654,Zack Kirby,Opportunity Resources Inc,1/1/2023,92,20,Completed,,Check In,5
655,Zack Kirby,XPower,12/7/2022,94,16,Completed,,Check In,2
656,Vince West,Opportunity Resources Inc,7/25/2022,48,60,Completed,,Check In,4
657,Kortney Cervantes,"Plasmosis, Inc.",11/12/2022,21,50,Completed,,Check In,2
658,Vince West,Name,8/27/2022,24,18,Completed,,Check In,1
659,Zack Kirby,Opportunity Resources Inc,4/13/2023,70,70,Completed,,Check In,1
660,Kortney Cervantes,"Plasmosis, Inc.",4/13/2023,68,51,Completed,,Check In,3
661,Vince West,Name,1/31/2023,93,48,Completed,,Check In,3
662,Kortney Cervantes,"Permadyne GmbH, LTD",12/26/2022,21,32,Completed,,Check In,2
663,Zack Kirby,"Biospan, LLC.",7/1/2022,53,20,Completed,,Check In,1
664,Kortney Cervantes,"Plasmosis, Inc.",8/7/2022,15,31,Completed,,Check In,2
665,Zack Kirby,"Accusage, Inc.",10/20/2022,44,61,Completed,,Check In,2
666,Zack Kirby,"Accusage, Inc.",10/4/2022,68,69,Completed,,Check In,3
667,Kortney Cervantes,Optos Inc.,11/24/2022,18,40,Completed,,Check In,5
668,Vince West,"Biospan, LLC.",8/31/2022,64,31,Completed,,Check In,5
669,Kortney Cervantes,"Biospan, LLC.",3/8/2023,2,34,Completed,,Check In,1
670,Vince West,Silodyne Company,4/28/2023,59,60,Completed,,Check In,4
671,Kortney Cervantes,Name,7/10/2022,72,20,Completed,,Check In,1
672,Kortney Cervantes,Silodyne Company,7/24/2022,2,37,Completed,,Check In,3
673,Kortney Cervantes,Optos Inc.,5/10/2023,52,16,Completed,,Check In,5
674,Kortney Cervantes,Opportunity Resources Inc,9/15/2022,41,37,Completed,,Check In,4
675,Vince West,"Accusage, Inc.",9/25/2022,3,63,Completed,,Check In,2
676,Vince West,"Permadyne GmbH, LTD",7/30/2022,43,28,Completed,,Check In,5
677,Vince West,XPower,3/27/2023,75,16,Completed,,Check In,3
678,Kortney Cervantes,"Permadyne GmbH, LTD",3/7/2023,50,34,Completed,,Check In,4
679,Kortney Cervantes,Name,4/29/2023,10,28,Completed,,Check In,1
680,Vince West,Name,6/14/2022,87,58,Completed,,Check In,2
681,Vince West,Opportunity Resources Inc,1/6/2023,89,28,Completed,,Check In,1
682,Vince West,Name,10/21/2022,49,39,Completed,,Check In,4
683,Vince West,"Plasmosis, Inc.",12/14/2022,43,50,Completed,,Check In,1
684,Vince West,"Accusage, Inc.",4/7/2023,69,20,Completed,,Check In,1
685,Kortney Cervantes,Optos Inc.,11/28/2022,81,47,Completed,,Check In,5
686,Zack Kirby,"Accusage, Inc.",7/7/2022,17,15,Completed,,Check In,3
687,Kortney Cervantes,"Biospan, LLC.",2/21/2023,59,45,Completed,,Check In,1
688,Kortney Cervantes,Opportunity Resources Inc,4/10/2023,88,26,Completed,,Check In,2
689,Kortney Cervantes,Name,1/10/2023,69,36,Completed,,Check In,2
690,Vince West,Optos Inc.,6/23/2022,24,22,Completed,,Check In,3
691,Zack Kirby,Optos Inc.,3/24/2023,31,57,Completed,,Check In,2
692,Vince West,"Permadyne GmbH, LTD",6/11/2022,81,43,Completed,,Check In,1
693,Vince West,Name,2/8/2023,99,60,Completed,,Check In,5
694,Zack Kirby,Opportunity Resources Inc,6/30/2022,34,29,Completed,,Check In,1
695,Kortney Cervantes,"Permadyne GmbH, LTD",11/19/2022,95,49,Completed,,Check In,3
696,Kortney Cervantes,"Wellspring, Inc.",6/4/2022,11,63,Completed,,Check In,4
697,Vince West,"Permadyne GmbH, LTD",8/14/2022,48,39,Completed,,Check In,4
698,Zack Kirby,Name,3/23/2023,81,39,Completed,,Check In,4
699,Vince West,Opportunity Resources Inc,10/31/2022,25,53,Completed,,Check In,3
700,Vince West,"Permadyne GmbH, LTD",12/6/2022,58,55,Completed,,Check In,2
701,Vince West,"Permadyne GmbH, LTD",7/17/2022,25,69,Completed,,Check In,1
702,Vince West,Opportunity Resources Inc,10/7/2022,70,54,Completed,,Check In,1
703,Kortney Cervantes,Optos Inc.,10/25/2022,16,51,Completed,,Check In,1
704,Vince West,Opportunity Resources Inc,12/3/2022,80,38,Completed,,Check In,1
705,Vince West,XPower,3/24/2023,98,48,Completed,,Check In,5
706,Vince West,"Wellspring, Inc.",7/12/2022,65,33,Completed,,Check In,4
707,Kortney Cervantes,Opportunity Resources Inc,3/5/2023,70,48,Completed,,Check In,2
708,Vince West,"Wellspring, Inc.",2/6/2023,51,51,Completed,,Check In,2
709,Zack Kirby,Opportunity Resources Inc,8/5/2022,75,31,Completed,,Check In,5
710,Kortney Cervantes,"Biospan, LLC.",4/28/2023,77,17,Completed,,Check In,4
711,Zack Kirby,Opportunity Resources Inc,1/21/2023,86,36,Completed,,Check In,5
712,Vince West,"Wellspring, Inc.",3/20/2023,46,34,Completed,,Check In,1
713,Zack Kirby,Opportunity Resources Inc,3/16/2023,47,23,Completed,,Check In,4
714,Zack Kirby,"Permadyne GmbH, LTD",1/11/2023,67,28,Completed,,Check In,5
715,Vince West,"Permadyne GmbH, LTD",7/28/2022,38,16,Completed,,Check In,4
716,Vince West,Optos Inc.,6/13/2022,71,61,Completed,,Check In,2
717,Vince West,Opportunity Resources Inc,4/12/2023,9,61,Completed,,Check In,2
718,Vince West,"Permadyne GmbH, LTD",8/2/2022,87,67,Completed,,Check In,5
719,Vince West,Name,10/9/2022,16,49,Completed,,Check In,4
720,Vince West,"Accusage, Inc.",1/8/2023,68,32,Completed,,Check In,4
721,Kortney Cervantes,"Biospan, LLC.",1/1/2023,26,15,Completed,,Check In,2
722,Kortney Cervantes,XPower,9/7/2022,99,45,Completed,,Check In,4
723,Zack Kirby,"Wellspring, Inc.",9/21/2022,80,52,Completed,,Check In,2
724,Zack Kirby,Opportunity Resources Inc,2/28/2023,90,25,Completed,,Check In,5
725,Zack Kirby,"Permadyne GmbH, LTD",2/10/2023,62,30,Completed,,Check In,5
726,Zack Kirby,Opportunity Resources Inc,7/21/2022,63,38,Completed,,Check In,3
727,Kortney Cervantes,"Biospan, LLC.",3/23/2023,83,66,Completed,,Check In,3
728,Zack Kirby,Optos Inc.,5/26/2023,42,43,Completed,,Check In,1
729,Vince West,Optos Inc.,7/11/2022,86,65,Completed,,Check In,1
730,Vince West,"Accusage, Inc.",8/9/2022,57,37,Completed,,Check In,3
731,Zack Kirby,Optos Inc.,1/21/2023,56,30,Completed,,Check In,2
732,Vince West,XPower,10/1/2022,70,32,Completed,,Check In,1
733,Kortney Cervantes,"Accusage, Inc.",5/13/2023,90,48,Completed,,Check In,5
734,Kortney Cervantes,"Biospan, LLC.",6/29/2022,31,55,Completed,,Check In,5
735,Vince West,Optos Inc.,8/30/2022,25,24,Completed,,Check In,4
736,Kortney Cervantes,"Permadyne GmbH, LTD",10/10/2022,84,50,Completed,,Check In,4
737,Kortney Cervantes,Optos Inc.,8/5/2022,22,61,Completed,,Check In,2
738,Kortney Cervantes,Silodyne Company,5/19/2023,73,48,Completed,,Check In,5
739,Kortney Cervantes,"Wellspring, Inc.",5/17/2023,83,66,Completed,,Check In,1
740,Vince West,"Wellspring, Inc.",12/8/2022,39,42,Completed,,Check In,5
741,Kortney Cervantes,"Biospan, LLC.",12/12/2022,84,50,Completed,,Check In,1
742,Zack Kirby,XPower,1/11/2023,77,38,Completed,,Check In,3
743,Kortney Cervantes,"Permadyne GmbH, LTD",8/27/2022,73,61,Completed,,Check In,5
744,Vince West,"Plasmosis, Inc.",2/24/2023,58,21,Completed,,Check In,5
745,Vince West,"Wellspring, Inc.",2/11/2023,64,56,Completed,,Check In,2
746,Kortney Cervantes,XPower,1/23/2023,76,58,Completed,,Check In,3
747,Kortney Cervantes,"Plasmosis, Inc.",8/12/2022,52,48,Completed,,Check In,1
748,Zack Kirby,"Permadyne GmbH, LTD",10/29/2022,31,63,Completed,,Check In,3
749,Zack Kirby,"Wellspring, Inc.",9/23/2022,69,28,Completed,,Check In,5
750,Zack Kirby,Name,11/20/2022,11,45,Completed,,Check In,2
751,Zack Kirby,"Plasmosis, Inc.",8/10/2022,13,53,Completed,,Check In,1
752,Kortney Cervantes,XPower,3/5/2023,68,51,Completed,,Check In,1
753,Kortney Cervantes,"Accusage, Inc.",10/2/2022,59,22,Completed,,Check In,5
754,Vince West,"Plasmosis, Inc.",1/30/2023,31,69,Completed,,Check In,4
755,Vince West,"Permadyne GmbH, LTD",4/25/2023,18,40,Completed,,Check In,1
756,Zack Kirby,XPower,2/3/2023,46,54,Completed,,Check In,4
757,Vince West,"Biospan, LLC.",12/16/2022,26,55,Completed,,Check In,3
758,Kortney Cervantes,"Permadyne GmbH, LTD",11/10/2022,57,26,Completed,,Check In,2
759,Vince West,"Wellspring, Inc.",10/23/2022,82,44,Completed,,Check In,2
760,Zack Kirby,Silodyne Company,10/13/2022,81,20,Completed,,Check In,1
761,Vince West,Optos Inc.,5/20/2023,37,42,Completed,,Check In,5
762,Zack Kirby,XPower,3/3/2023,97,50,Completed,,Check In,5
763,Vince West,"Biospan, LLC.",9/17/2022,3,31,Completed,,Check In,4
764,Zack Kirby,Name,2/1/2023,100,66,Completed,,Check In,2
765,Vince West,XPower,2/8/2023,52,55,Completed,,Check In,2
766,Kortney Cervantes,Name,11/24/2022,75,65,Completed,,Check In,4
767,Zack Kirby,Name,6/13/2022,35,34,Completed,,Check In,1
768,Kortney Cervantes,"Permadyne GmbH, LTD",9/30/2022,25,50,Completed,,Check In,2
769,Zack Kirby,Opportunity Resources Inc,5/4/2023,86,50,Completed,,Check In,1
770,Vince West,"Permadyne GmbH, LTD",8/7/2022,79,34,Completed,,Check In,2
771,Zack Kirby,"Biospan, LLC.",8/18/2022,10,61,Completed,,Check In,5
772,Zack Kirby,"Biospan, LLC.",1/25/2023,97,36,Completed,,Check In,5
773,Zack Kirby,Opportunity Resources Inc,12/4/2022,29,43,Completed,,Check In,3
774,Zack Kirby,XPower,7/24/2022,42,46,Completed,,Check In,2
775,Kortney Cervantes,"Accusage, Inc.",4/7/2023,91,20,Completed,,Check In,5
776,Vince West,Silodyne Company,4/1/2023,100,64,Completed,,Check In,3
777,Kortney Cervantes,"Plasmosis, Inc.",4/22/2023,73,28,Completed,,Check In,1
778,Zack Kirby,"Plasmosis, Inc.",11/17/2022,36,21,Completed,,Check In,1
779,Kortney Cervantes,Silodyne Company,3/17/2023,69,22,Completed,,Check In,5
780,Kortney Cervantes,XPower,9/29/2022,8,43,Completed,,Check In,3
781,Vince West,Silodyne Company,2/8/2023,93,67,Completed,,Check In,2
782,Kortney Cervantes,Optos Inc.,6/8/2022,58,33,Completed,,Check In,4
783,Vince West,"Permadyne GmbH, LTD",7/16/2022,58,63,Completed,,Check In,5
784,Zack Kirby,"Wellspring, Inc.",9/1/2022,39,24,Completed,,Check In,3
785,Vince West,"Permadyne GmbH, LTD",9/9/2022,46,33,Completed,,Check In,1
786,Kortney Cervantes,Opportunity Resources Inc,11/1/2022,48,34,Completed,,Check In,5
787,Zack Kirby,"Biospan, LLC.",9/27/2022,77,41,Completed,,Check In,4
788,Kortney Cervantes,Optos Inc.,1/4/2023,36,25,Completed,,Check In,3
789,Zack Kirby,XPower,11/9/2022,11,20,Completed,,Check In,5
790,Kortney Cervantes,Opportunity Resources Inc,6/17/2022,91,51,Completed,,Check In,3
791,Zack Kirby,Name,7/11/2022,6,40,Completed,,Check In,1
792,Kortney Cervantes,Optos Inc.,10/30/2022,95,22,Completed,,Check In,5
793,Vince West,Silodyne Company,10/6/2022,8,62,Completed,,Check In,2
794,Vince West,"Biospan, LLC.",8/10/2022,14,64,Completed,,Check In,3
795,Zack Kirby,Opportunity Resources Inc,3/26/2023,82,43,Completed,,Check In,1
796,Zack Kirby,XPower,1/3/2023,37,15,Completed,,Check In,3
797,Zack Kirby,"Biospan, LLC.",3/18/2023,43,34,Completed,,Check In,5
798,Vince West,Opportunity Resources Inc,11/4/2022,97,24,Completed,,Check In,3
799,Vince West,Name,9/13/2022,55,44,Completed,,Check In,4
800,Vince West,"Plasmosis, Inc.",1/19/2023,62,34,Completed,,Check In,1
801,Vince West,"Biospan, LLC.",9/6/2022,2,33,Completed,,Check In,4
802,Kortney Cervantes,Opportunity Resources Inc,6/9/2022,61,31,Completed,,Check In,4
803,Kortney Cervantes,"Accusage, Inc.",2/21/2023,82,33,Completed,,Check In,4
804,Zack Kirby,Optos Inc.,6/19/2022,75,20,Completed,,Check In,3
805,Vince West,XPower,7/1/2022,34,40,Completed,,Check In,3
806,Zack Kirby,"Wellspring, Inc.",2/9/2023,78,49,Completed,,Check In,4
807,Kortney Cervantes,"Plasmosis, Inc.",5/12/2023,90,66,Completed,,Check In,5
808,Zack Kirby,Optos Inc.,1/9/2023,46,15,Completed,,Check In,4
809,Vince West,Name,3/18/2023,35,28,Completed,,Check In,1
810,Vince West,"Plasmosis, Inc.",5/27/2023,61,15,Completed,,Check In,2
811,Vince West,"Permadyne GmbH, LTD",8/15/2022,49,32,Completed,,Check In,4
812,Kortney Cervantes,"Plasmosis, Inc.",12/1/2022,18,21,Completed,,Check In,4
813,Vince West,XPower,12/19/2022,14,42,Completed,,Check In,3
814,Vince West,Opportunity Resources Inc,7/4/2022,19,60,Completed,,Check In,4
815,Vince West,Optos Inc.,1/14/2023,68,70,Completed,,Check In,1
816,Zack Kirby,"Permadyne GmbH, LTD",2/11/2023,6,62,Completed,,Check In,3
817,Kortney Cervantes,"Permadyne GmbH, LTD",10/22/2022,81,56,Completed,,Check In,2
818,Zack Kirby,Opportunity Resources Inc,8/26/2022,1,56,Completed,,Check In,3
819,Vince West,"Accusage, Inc.",6/18/2022,39,29,Completed,,Check In,4
820,Vince West,"Accusage, Inc.",5/30/2023,21,26,Completed,,Check In,4
821,Vince West,"Biospan, LLC.",5/4/2023,91,38,Completed,,Check In,5
822,Vince West,"Permadyne GmbH, LTD",2/11/2023,59,64,Completed,,Check In,3
823,Kortney Cervantes,"Plasmosis, Inc.",8/22/2022,57,29,Completed,,Check In,4
824,Kortney Cervantes,Name,9/28/2022,12,39,Completed,,Check In,2
825,Vince West,"Permadyne GmbH, LTD",8/27/2022,96,57,Completed,,Check In,1
826,Zack Kirby,"Plasmosis, Inc.",8/26/2022,54,66,Completed,,Check In,3
827,Zack Kirby,"Permadyne GmbH, LTD",2/20/2023,75,45,Completed,,Check In,5
828,Zack Kirby,"Permadyne GmbH, LTD",3/18/2023,13,42,Completed,,Check In,4
829,Vince West,Silodyne Company,6/2/2022,37,67,Completed,,Check In,2
830,Vince West,Opportunity Resources Inc,5/30/2023,9,64,Completed,,Check In,3
831,Zack Kirby,"Accusage, Inc.",10/10/2022,26,29,Completed,,Check In,2
832,Kortney Cervantes,"Permadyne GmbH, LTD",5/6/2023,34,21,Completed,,Check In,3
833,Kortney Cervantes,XPower,8/8/2022,4,43,Completed,,Check In,5
834,Kortney Cervantes,"Wellspring, Inc.",2/7/2023,97,35,Completed,,Check In,5
835,Zack Kirby,Name,4/29/2023,60,49,Completed,,Check In,3
836,Kortney Cervantes,"Plasmosis, Inc.",8/21/2022,1,55,Completed,,Check In,5
837,Vince West,Optos Inc.,4/2/2023,65,39,Completed,,Check In,1
838,Vince West,"Accusage, Inc.",11/7/2022,19,27,Completed,,Check In,1
839,Zack Kirby,Silodyne Company,12/28/2022,48,16,Completed,,Check In,2
840,Kortney Cervantes,"Wellspring, Inc.",8/31/2022,44,51,Completed,,Check In,3
841,Kortney Cervantes,"Permadyne GmbH, LTD",3/27/2023,49,58,Completed,,Check In,3
842,Zack Kirby,Opportunity Resources Inc,11/26/2022,67,27,Completed,,Check In,5
843,Zack Kirby,Opportunity Resources Inc,7/30/2022,50,53,Completed,,Check In,4
844,Zack Kirby,"Permadyne GmbH, LTD",11/2/2022,37,53,Completed,,Check In,4
845,Kortney Cervantes,XPower,12/25/2022,64,27,Completed,,Check In,5
846,Vince West,"Permadyne GmbH, LTD",11/12/2022,74,28,Completed,,Check In,4
847,Vince West,Name,11/30/2022,50,60,Completed,,Check In,1
848,Kortney Cervantes,Name,3/11/2023,90,28,Completed,,Check In,1
849,Zack Kirby,Silodyne Company,7/2/2022,28,20,Completed,,Check In,2
850,Kortney Cervantes,XPower,1/28/2023,73,23,Completed,,Check In,5
851,Vince West,Optos Inc.,1/12/2023,66,36,Completed,,Check In,2
852,Zack Kirby,"Accusage, Inc.",12/21/2022,5,17,Completed,,Check In,1
853,Zack Kirby,Silodyne Company,9/5/2022,69,52,Completed,,Check In,4
854,Zack Kirby,"Permadyne GmbH, LTD",9/5/2022,100,48,Completed,,Check In,3
855,Vince West,"Wellspring, Inc.",8/8/2022,23,33,Completed,,Check In,1
856,Vince West,"Biospan, LLC.",12/6/2022,92,30,Completed,,Check In,4
857,Zack Kirby,"Biospan, LLC.",5/17/2023,30,70,Completed,,Check In,4
858,Zack Kirby,Optos Inc.,10/4/2022,2,15,Completed,,Check In,2
859,Zack Kirby,"Wellspring, Inc.",8/5/2022,97,26,Completed,,Check In,3
860,Vince West,"Plasmosis, Inc.",4/23/2023,23,20,Completed,,Check In,3
861,Vince West,"Accusage, Inc.",2/1/2023,14,40,Completed,,Check In,4
862,Vince West,Opportunity Resources Inc,3/21/2023,1,67,Completed,,Check In,4
863,Vince West,"Biospan, LLC.",5/7/2023,75,58,Completed,,Check In,4
864,Zack Kirby,Name,1/11/2023,77,62,Completed,,Check In,4
865,Kortney Cervantes,Silodyne Company,4/29/2023,69,50,Completed,,Check In,4
866,Zack Kirby,Silodyne Company,7/31/2022,17,21,Completed,,Check In,4
867,Vince West,"Accusage, Inc.",5/21/2023,30,59,Completed,,Check In,4
868,Vince West,Name,11/9/2022,44,68,Completed,,Check In,2
869,Zack Kirby,"Plasmosis, Inc.",11/17/2022,28,36,Completed,,Check In,1
870,Zack Kirby,Silodyne Company,9/22/2022,61,62,Completed,,Check In,3
871,Kortney Cervantes,Name,9/7/2022,45,24,Completed,,Check In,3
872,Zack Kirby,"Plasmosis, Inc.",11/30/2022,4,33,Completed,,Check In,1
873,Vince West,Opportunity Resources Inc,5/11/2023,9,67,Completed,,Check In,3
874,Zack Kirby,"Accusage, Inc.",7/9/2022,8,30,Completed,,Check In,2
875,Zack Kirby,"Plasmosis, Inc.",6/26/2022,32,49,Completed,,Check In,4
876,Zack Kirby,"Plasmosis, Inc.",7/5/2022,15,24,Completed,,Check In,1
877,Vince West,"Wellspring, Inc.",3/26/2023,69,27,Completed,,Check In,5
878,Kortney Cervantes,"Plasmosis, Inc.",3/24/2023,73,19,Completed,,Check In,2
879,Zack Kirby,"Plasmosis, Inc.",5/22/2023,79,37,Completed,,Check In,3
880,Kortney Cervantes,Opportunity Resources Inc,10/14/2022,26,46,Completed,,Check In,1
881,Zack Kirby,"Accusage, Inc.",9/30/2022,7,41,Completed,,Check In,4
882,Zack Kirby,Optos Inc.,5/10/2023,51,60,Completed,,Check In,2
883,Kortney Cervantes,"Wellspring, Inc.",12/2/2022,85,70,Completed,,Check In,1
884,Zack Kirby,Optos Inc.,11/11/2022,40,45,Completed,,Check In,1
885,Kortney Cervantes,"Wellspring, Inc.",6/24/2022,75,38,Completed,,Check In,5
886,Zack Kirby,"Permadyne GmbH, LTD",6/13/2022,61,38,Completed,,Check In,2
887,Vince West,"Plasmosis, Inc.",3/17/2023,61,50,Completed,,Check In,1
888,Zack Kirby,"Plasmosis, Inc.",12/8/2022,46,27,Completed,,Check In,5
889,Zack Kirby,Optos Inc.,9/20/2022,91,57,Completed,,Check In,4
890,Vince West,"Biospan, LLC.",7/13/2022,14,57,Completed,,Check In,2
891,Vince West,Optos Inc.,3/11/2023,25,38,Completed,,Check In,1
892,Kortney Cervantes,Name,5/29/2023,66,31,Completed,,Check In,5
893,Vince West,Opportunity Resources Inc,10/8/2022,98,63,Completed,,Check In,2
894,Zack Kirby,Opportunity Resources Inc,3/22/2023,12,16,Completed,,Check In,2
895,Kortney Cervantes,"Wellspring, Inc.",8/25/2022,23,69,Completed,,Check In,2
896,Zack Kirby,Name,3/22/2023,73,15,Completed,,Check In,3
897,Vince West,"Wellspring, Inc.",2/3/2023,64,61,Completed,,Check In,4
898,Vince West,"Wellspring, Inc.",6/19/2022,9,43,Completed,,Check In,4
899,Kortney Cervantes,Opportunity Resources Inc,4/2/2023,48,24,Completed,,Check In,2
900,Kortney Cervantes,Opportunity Resources Inc,1/6/2023,64,58,Completed,,Check In,4
901,Zack Kirby,"Wellspring, Inc.",12/9/2022,23,15,Completed,,Check In,2
902,Vince West,"Wellspring, Inc.",7/5/2022,63,34,Completed,,Check In,3
903,Kortney Cervantes,"Accusage, Inc.",9/16/2022,3,21,Completed,,Check In,1
904,Vince West,"Plasmosis, Inc.",7/8/2022,50,27,Completed,,Check In,4
905,Kortney Cervantes,"Wellspring, Inc.",8/1/2022,26,57,Completed,,Check In,1
906,Vince West,"Permadyne GmbH, LTD",9/30/2022,43,53,Completed,,Check In,1
907,Zack Kirby,"Biospan, LLC.",9/3/2022,36,47,Completed,,Check In,3
908,Kortney Cervantes,Name,7/2/2022,55,54,Completed,,Check In,4
909,Kortney Cervantes,"Plasmosis, Inc.",1/14/2023,4,37,Completed,,Check In,2
910,Vince West,"Biospan, LLC.",8/29/2022,5,49,Completed,,Check In,2
911,Vince West,Optos Inc.,7/25/2022,52,65,Completed,,Check In,4
912,Zack Kirby,"Plasmosis, Inc.",4/24/2023,76,36,Completed,,Check In,5
913,Zack Kirby,Silodyne Company,10/9/2022,39,57,Completed,,Check In,3
914,Zack Kirby,Opportunity Resources Inc,1/20/2023,24,29,Completed,,Check In,4
915,Zack Kirby,"Biospan, LLC.",7/31/2022,29,46,Completed,,Check In,2
916,Zack Kirby,Name,5/27/2023,77,63,Completed,,Check In,2
917,Zack Kirby,Silodyne Company,3/9/2023,46,43,Completed,,Check In,4
918,Kortney Cervantes,"Permadyne GmbH, LTD",1/18/2023,100,37,Completed,,Check In,5
919,Vince West,Name,10/30/2022,28,30,Completed,,Check In,4
920,Vince West,Optos Inc.,11/19/2022,89,70,Completed,,Check In,5
921,Vince West,"Biospan, LLC.",7/20/2022,17,23,Completed,,Check In,4
922,Kortney Cervantes,"Wellspring, Inc.",6/30/2022,15,55,Completed,,Check In,2
923,Vince West,"Permadyne GmbH, LTD",9/27/2022,22,63,Completed,,Check In,5
924,Kortney Cervantes,"Accusage, Inc.",3/25/2023,84,28,Completed,,Check In,5
925,Vince West,Opportunity Resources Inc,4/23/2023,85,25,Completed,,Check In,5
926,Zack Kirby,Optos Inc.,1/14/2023,61,38,Completed,,Check In,4
927,Vince West,"Accusage, Inc.",4/7/2023,60,35,Completed,,Check In,1
928,Vince West,"Biospan, LLC.",2/16/2023,86,34,Completed,,Check In,1
929,Kortney Cervantes,"Biospan, LLC.",11/6/2022,93,64,Completed,,Check In,5
930,Kortney Cervantes,Silodyne Company,2/24/2023,80,63,Completed,,Check In,5
931,Vince West,Opportunity Resources Inc,2/20/2023,35,24,Completed,,Check In,1
932,Vince West,"Accusage, Inc.",4/19/2023,18,58,Completed,,Check In,1
933,Zack Kirby,"Plasmosis, Inc.",7/3/2022,89,25,Completed,,Check In,4
934,Kortney Cervantes,Optos Inc.,5/20/2023,36,30,Completed,,Check In,4
935,Zack Kirby,Optos Inc.,12/8/2022,58,56,Completed,,Check In,3
936,Vince West,"Accusage, Inc.",12/29/2022,27,23,Completed,,Check In,2
937,Vince West,Optos Inc.,12/15/2022,73,63,Completed,,Check In,5
938,Kortney Cervantes,"Wellspring, Inc.",3/8/2023,28,60,Completed,,Check In,4
939,Kortney Cervantes,"Biospan, LLC.",2/6/2023,7,44,Completed,,Check In,2
940,Zack Kirby,"Plasmosis, Inc.",2/28/2023,11,60,Completed,,Check In,2
941,Vince West,Name,4/5/2023,51,56,Completed,,Check In,4
942,Kortney Cervantes,"Biospan, LLC.",4/6/2023,75,17,Completed,,Check In,4
943,Kortney Cervantes,Silodyne Company,4/15/2023,18,53,Completed,,Check In,1
944,Kortney Cervantes,"Plasmosis, Inc.",6/4/2022,9,21,Completed,,Check In,1
945,Kortney Cervantes,Name,1/23/2023,5,63,Completed,,Check In,2
946,Vince West,"Permadyne GmbH, LTD",5/11/2023,51,44,Completed,,Check In,2
947,Kortney Cervantes,Optos Inc.,9/21/2022,21,30,Completed,,Check In,1
948,Vince West,"Plasmosis, Inc.",8/14/2022,23,29,Completed,,Check In,3
949,Kortney Cervantes,"Plasmosis, Inc.",8/9/2022,72,47,Completed,,Check In,5
950,Zack Kirby,"Accusage, Inc.",10/10/2022,96,59,Completed,,Check In,4
951,Kortney Cervantes,Optos Inc.,11/20/2022,16,58,Completed,,Check In,2
952,Vince West,"Accusage, Inc.",3/9/2023,31,26,Completed,,Check In,1
953,Kortney Cervantes,Silodyne Company,9/15/2022,91,42,Completed,,Check In,5
954,Kortney Cervantes,Name,8/11/2022,46,16,Completed,,Check In,5
955,Kortney Cervantes,"Wellspring, Inc.",2/26/2023,80,48,Completed,,Check In,5
956,Kortney Cervantes,"Wellspring, Inc.",12/20/2022,61,22,Completed,,Check In,2
957,Kortney Cervantes,"Plasmosis, Inc.",7/5/2022,51,55,Completed,,Check In,5
958,Kortney Cervantes,"Plasmosis, Inc.",6/19/2022,3,57,Completed,,Check In,4
959,Kortney Cervantes,Optos Inc.,1/15/2023,94,62,Completed,,Check In,1
960,Zack Kirby,"Permadyne GmbH, LTD",12/23/2022,50,27,Completed,,Check In,2
961,Vince West,XPower,6/9/2022,41,28,Completed,,Check In,3
962,Kortney Cervantes,"Accusage, Inc.",4/24/2023,80,26,Completed,,Check In,3
963,Vince West,Name,1/15/2023,65,25,Completed,,Check In,5
964,Vince West,Silodyne Company,10/25/2022,79,19,Completed,,Check In,1
965,Zack Kirby,"Wellspring, Inc.",11/2/2022,21,23,Completed,,Check In,2
966,Kortney Cervantes,"Plasmosis, Inc.",1/17/2023,22,62,Completed,,Check In,4
967,Vince West,Optos Inc.,8/12/2022,49,24,Completed,,Check In,1
968,Zack Kirby,"Accusage, Inc.",1/16/2023,77,63,Completed,,Check In,5
969,Kortney Cervantes,Opportunity Resources Inc,2/20/2023,27,51,Completed,,Check In,1
970,Kortney Cervantes,Name,2/16/2023,90,44,Completed,,Check In,4
971,Zack Kirby,"Wellspring, Inc.",4/7/2023,86,59,Completed,,Check In,1
972,Vince West,"Accusage, Inc.",2/22/2023,26,37,Completed,,Check In,5
973,Zack Kirby,Optos Inc.,9/7/2022,66,28,Completed,,Check In,5
974,Vince West,Opportunity Resources Inc,10/29/2022,19,64,Completed,,Check In,3
975,Kortney Cervantes,"Biospan, LLC.",9/5/2022,68,60,Completed,,Check In,4
976,Vince West,"Permadyne GmbH, LTD",11/5/2022,36,67,Completed,,Check In,2
977,Zack Kirby,XPower,2/18/2023,47,48,Completed,,Check In,3
978,Vince West,"Accusage, Inc.",7/21/2022,60,46,Completed,,Check In,4
979,Kortney Cervantes,"Accusage, Inc.",9/10/2022,4,31,Completed,,Check In,2
980,Kortney Cervantes,XPower,1/3/2023,51,42,Completed,,Check In,5
981,Vince West,"Permadyne GmbH, LTD",4/26/2023,15,18,Completed,,Check In,2
982,Kortney Cervantes,"Permadyne GmbH, LTD",10/5/2022,71,23,Completed,,Check In,2
983,Vince West,Optos Inc.,6/10/2022,1,50,Completed,,Check In,4
984,Zack Kirby,Silodyne Company,12/16/2022,17,61,Completed,,Check In,4
985,Kortney Cervantes,"Biospan, LLC.",8/10/2022,90,18,Completed,,Check In,1
986,Zack Kirby,"Plasmosis, Inc.",4/24/2023,95,50,Completed,,Check In,2
987,Zack Kirby,"Accusage, Inc.",12/31/2022,44,62,Completed,,Check In,1
988,Kortney Cervantes,Opportunity Resources Inc,4/12/2023,69,44,Completed,,Check In,1
989,Zack Kirby,"Permadyne GmbH, LTD",12/27/2022,95,61,Completed,,Check In,5
990,Kortney Cervantes,Optos Inc.,8/2/2022,38,16,Completed,,Check In,4
991,Zack Kirby,"Permadyne GmbH, LTD",11/18/2022,5,27,Completed,,Check In,2
992,Kortney Cervantes,"Biospan, LLC.",11/7/2022,75,62,Completed,,Check In,1
993,Kortney Cervantes,Name,8/27/2022,10,64,Completed,,Check In,3
994,Vince West,"Accusage, Inc.",1/2/2023,4,44,Completed,,Check In,5
995,Kortney Cervantes,Name,11/29/2022,88,46,Completed,,Check In,4
996,Kortney Cervantes,"Biospan, LLC.",10/17/2022,57,46,Completed,,Check In,5
997,Zack Kirby,XPower,6/4/2022,28,22,Completed,,Check In,1
998,Vince West,"Permadyne GmbH, LTD",8/17/2022,4,68,Completed,,Check In,1
999,Vince West,"Accusage, Inc.",9/13/2022,25,21,Completed,,Check In,1
1000,Zack Kirby,"Plasmosis, Inc.",2/6/2023,34,54,Completed,,Check In,3
